{
    "m_distance": 1.600000023841858,
    "m_nodeConnectionAmount": 8,
    "m_ySpaceLimit": 0.10000000149011612
}